<application>
  <component name="VimSettings">
    <state version="4" enabled="true" />
    <globalmarks />
    <filemarks>
      <file name="D:/Programming/C#/Rider Workspace/Mess Around/Program.cs" timestamp="1552001664453">
        <mark key="'" line="4" column="13" />
        <mark key="[" line="0" column="13" />
        <mark key="]" line="8" column="45" />
        <mark key="^" line="8" column="45" />
        <mark key="." line="8" column="45" />
      </file>
      <file name="D:/Programming/C#/Rider Workspace/MessAround/MessAround/MessAroundTests/UnitTest1.cs" timestamp="1552006648329">
        <mark key="[" line="1" column="12" />
        <mark key="]" line="4" column="24" />
        <mark key="^" line="4" column="24" />
        <mark key="." line="4" column="24" />
      </file>
      <file name="D:/Programming/C#/Rider Workspace/MessAround/MATests/UnitTest1.cs" timestamp="1552002524016">
        <mark key="[" line="11" column="28" />
        <mark key="]" line="11" column="28" />
        <mark key="^" line="11" column="54" />
        <mark key="." line="11" column="28" />
      </file>
      <file name="$USER_HOME$/RiderProjects/Mess Around/Mess Around/Program.cs" timestamp="1551982363896">
        <mark key="[" line="13" column="41" />
        <mark key="]" line="14" column="43" />
        <mark key="." line="14" column="43" />
        <mark key="^" line="14" column="43" />
      </file>
      <file name="D:/Programming/C#/Rider Workspace/MessAround/MessAround/MyClass.cs" timestamp="1552002482105">
        <mark key="[" line="4" column="26" />
        <mark key="]" line="4" column="52" />
        <mark key="^" line="4" column="52" />
        <mark key="." line="4" column="52" />
      </file>
      <file name="D:/Programming/C#/Rider Workspace/Mess Around/MyClass.cs" timestamp="1552001645907">
        <mark key="[" line="4" column="8" />
        <mark key="]" line="4" column="21" />
        <mark key="^" line="4" column="21" />
        <mark key="." line="4" column="21" />
      </file>
      <file name="D:/Programming/C#/Rider Workspace/Mess Around/Mess Around Tests/UnitTest1.cs" timestamp="1552001935243">
        <mark key="[" line="1" column="12" />
        <mark key="]" line="11" column="43" />
        <mark key="^" line="11" column="43" />
        <mark key="." line="11" column="43" />
      </file>
    </filemarks>
    <jumps>
      <jump line="4" column="13" filename="D:/Programming/C#/Rider Workspace/Mess Around/Program.cs" />
    </jumps>
    <registers>
      <register name="&quot;" type="4">
        <text>MessAround.</text>
      </register>
      <register name="-" type="4">
        <text>MessAround.</text>
      </register>
      <register name="/" type="4">
        <text encoding="base64">XDxjbGFzc1w+</text>
      </register>
      <register name="1" type="2">
        <text encoding="base64">CQkJQ29uc29sZS5Xcml0ZUxpbmUoIkhlbGxvIFdvcmxkISIpOwo=</text>
      </register>
      <register name="2" type="2">
        <text encoding="base64">CQkJc3dpdGNoICh0ZXN0KQoJCQl7CgkJCWNhc2UgRXhhbXBsZXMuT25lOgoJCQkJQ29uc29sZS5Xcml0ZUxpbmUoKTsKCQkJfQo=</text>
      </register>
      <register name="3" type="2">
        <text encoding="base64">CQkJdmFyIG15SW50cyA9IG5ld1tdIHszLCA1LCA4fTsKCQkJZm9yZWFjaCAodmFyIG51bSBpbiBteUludHMpCgkJCXsKCQkJCUNvbnNvbGUuV3JpdGVMaW5lKG51bSk7CgkJCX0K</text>
      </register>
      <register name="4" type="2">
        <text encoding="base64">CQkJfQo=</text>
      </register>
      <register name="5" type="2">
        <text encoding="base64">CQkJewo=</text>
      </register>
      <register name="6" type="2">
        <text encoding="base64">CQkJQ29uc29sZS5SZWFkTGluZSgpOwo=</text>
      </register>
      <register name="7" type="2">
        <text encoding="base64">CQkJQ29uc29sZS5Xcml0ZUxpbmUoIlRlc3RpbmciKTsK</text>
      </register>
      <register name="8" type="2">
        <text encoding="base64">CQkJQ29uc29sZS5Xcml0ZUxpbmUoIkhlbGxvIFdvcmxkISIpOwo=</text>
      </register>
      <register name="9" type="2">
        <text encoding="base64">ICAgICAgICAK</text>
      </register>
      <register name=":" type="4">
        <text>w</text>
      </register>
    </registers>
    <search>
      <last-search encoding="base64">XDxjbGFzc1w+</last-search>
      <last-offset />
      <last-pattern encoding="base64">XDxjbGFzc1w+</last-pattern>
      <last-replace>~</last-replace>
      <last-substitute encoding="base64">XDxjbGFzc1w+</last-substitute>
      <last-dir>1</last-dir>
      <show-last>false</show-last>
    </search>
    <history>
      <history-search>
        <entry encoding="base64">XDxjbGFzc1w+</entry>
      </history-search>
      <history-cmd>
        <entry>w</entry>
      </history-cmd>
      <history-expr />
      <history-input />
    </history>
    <shortcut-conflicts>
      <shortcut-conflict owner="vim">
        <text>ctrl pressed C</text>
      </shortcut-conflict>
    </shortcut-conflicts>
  </component>
</application>