<application>
  <component name="VimSettings">
    <state version="4" enabled="true" />
    <globalmarks />
    <filemarks>
      <file name="$USER_HOME$/RiderProjects/Mess Around/Mess Around/Program.cs" timestamp="1551982363896">
        <mark key="[" line="13" column="41" />
        <mark key="]" line="14" column="43" />
        <mark key="." line="14" column="43" />
        <mark key="^" line="14" column="43" />
      </file>
    </filemarks>
    <jumps />
    <registers>
      <register name="1" type="2">
        <text encoding="base64">CQkJc3dpdGNoICh0ZXN0KQoJCQl7CgkJCWNhc2UgRXhhbXBsZXMuT25lOgoJCQkJQ29uc29sZS5Xcml0ZUxpbmUoKTsKCQkJfQo=</text>
      </register>
      <register name="&quot;" type="2">
        <text encoding="base64">CQkJc3dpdGNoICh0ZXN0KQoJCQl7CgkJCWNhc2UgRXhhbXBsZXMuT25lOgoJCQkJQ29uc29sZS5Xcml0ZUxpbmUoKTsKCQkJfQo=</text>
      </register>
      <register name="2" type="2">
        <text encoding="base64">CQkJdmFyIG15SW50cyA9IG5ld1tdIHszLCA1LCA4fTsKCQkJZm9yZWFjaCAodmFyIG51bSBpbiBteUludHMpCgkJCXsKCQkJCUNvbnNvbGUuV3JpdGVMaW5lKG51bSk7CgkJCX0K</text>
      </register>
      <register name="3" type="2">
        <text encoding="base64">CQkJfQo=</text>
      </register>
      <register name="4" type="2">
        <text encoding="base64">CQkJewo=</text>
      </register>
      <register name="5" type="2">
        <text encoding="base64">CQkJQ29uc29sZS5SZWFkTGluZSgpOwo=</text>
      </register>
      <register name="6" type="2">
        <text encoding="base64">CQkJQ29uc29sZS5Xcml0ZUxpbmUoIlRlc3RpbmciKTsK</text>
      </register>
      <register name="7" type="2">
        <text encoding="base64">CQkJQ29uc29sZS5Xcml0ZUxpbmUoIkhlbGxvIFdvcmxkISIpOwo=</text>
      </register>
      <register name="8" type="2">
        <text encoding="base64">ICAgICAgICAK</text>
      </register>
      <register name="9" type="2">
        <text encoding="base64">ICAgIHByaXZhdGVzdGF0aWMgY2xhc3MgUHJvZ3JhbQo=</text>
      </register>
      <register name=":" type="4">
        <text>w</text>
      </register>
      <register name="-" type="4">
        <text>&quot;World&quot;</text>
      </register>
    </registers>
    <search>
      <last-dir>0</last-dir>
      <show-last>false</show-last>
    </search>
    <history>
      <history-search />
      <history-cmd>
        <entry>w</entry>
      </history-cmd>
      <history-expr />
      <history-input />
    </history>
    <shortcut-conflicts />
  </component>
</application>