<application>
  <component name="VimSettings">
    <state version="4" enabled="true" />
    <globalmarks />
    <filemarks>
      <file name="/GDB" timestamp="1544038489415">
        <mark key="[" line="0" column="0" />
      </file>
      <file name="$USER_HOME$/CLionProjects/ProjectEulerExercises/main.cpp" timestamp="1544223073521">
        <mark key="'" line="2" column="25" />
        <mark key="[" line="36" column="14" />
        <mark key="]" line="39" column="13" />
        <mark key="^" line="39" column="13" />
        <mark key="." line="39" column="13" />
      </file>
      <file name="$USER_HOME$/CLionProjects/Hello World/main.cpp" timestamp="1543975242326">
        <mark key="'" line="5" column="0" />
        <mark key="[" line="5" column="0" />
        <mark key="]" line="5" column="0" />
        <mark key="." line="5" column="0" />
      </file>
      <file name="$USER_HOME$/CLionProjects/ProjectEulerExercises/Exercise003.cpp" timestamp="1544224371012">
        <mark key="a" line="4" column="21" />
        <mark key="[" line="5" column="21" />
        <mark key="]" line="5" column="26" />
        <mark key="^" line="5" column="26" />
        <mark key="." line="5" column="26" />
      </file>
      <file name="$USER_HOME$/CLionProjects/ProjectEulerExercises/Exercises.cpp" timestamp="1544039709373">
        <mark key="[" line="2" column="68" />
        <mark key="]" line="3" column="0" />
        <mark key="." line="3" column="0" />
        <mark key="^" line="3" column="0" />
      </file>
      <file name="$USER_HOME$/CLionProjects/ProjectEulerExercises/Exercise002.cpp" timestamp="1544223255236">
        <mark key="[" line="18" column="31" />
        <mark key="]" line="18" column="31" />
        <mark key="." line="18" column="31" />
        <mark key="^" line="7" column="24" />
      </file>
      <file name="$USER_HOME$/CLionProjects/ProjectEulerExercises/Exercise001.cpp" timestamp="1544023088994">
        <mark key="[" line="12" column="62" />
        <mark key="]" line="12" column="64" />
        <mark key="." line="12" column="64" />
        <mark key="^" line="12" column="64" />
      </file>
      <file name="$USER_HOME$/CLionProjects/ProjectEulerExercises/Exercise001.hpp" timestamp="1544039782750">
        <mark key="'" line="4" column="0" />
        <mark key="[" line="8" column="0" />
        <mark key="]" line="8" column="0" />
        <mark key="." line="8" column="0" />
        <mark key="^" line="4" column="0" />
      </file>
      <file name="$USER_HOME$/CLionProjects/ProjectEulerExercises/Exercise002.hpp" timestamp="1544038685961">
        <mark key="[" line="6" column="0" />
        <mark key="]" line="6" column="0" />
        <mark key="." line="6" column="0" />
      </file>
      <file name="$USER_HOME$/CLionProjects/ProjectEulerExercises/Exercises.hpp" timestamp="1544039701567">
        <mark key="'" line="2" column="0" />
        <mark key="[" line="7" column="0" />
        <mark key="]" line="7" column="0" />
        <mark key="." line="7" column="0" />
      </file>
      <file name="$USER_HOME$/CLionProjects/ProjectEulerExercises/Exercise003.hpp" timestamp="1544224689192">
        <mark key="[" line="5" column="16" />
        <mark key="]" line="6" column="18" />
        <mark key="." line="6" column="18" />
        <mark key="^" line="6" column="18" />
      </file>
    </filemarks>
    <jumps>
      <jump line="5" column="0" filename="$USER_HOME$/CLionProjects/Hello World/main.cpp" />
      <jump line="33" column="30" filename="$USER_HOME$/CLionProjects/ProjectEulerExercises/main.cpp" />
      <jump line="2" column="25" filename="$USER_HOME$/CLionProjects/ProjectEulerExercises/main.cpp" />
      <jump line="7" column="13" filename="$USER_HOME$/CLionProjects/ProjectEulerExercises/Exercise002.cpp" />
      <jump line="19" column="11" filename="$USER_HOME$/CLionProjects/ProjectEulerExercises/Exercise002.cpp" />
      <jump line="2" column="0" filename="$USER_HOME$/CLionProjects/ProjectEulerExercises/Exercises.hpp" />
      <jump line="4" column="0" filename="$USER_HOME$/CLionProjects/ProjectEulerExercises/Exercise001.hpp" />
      <jump line="6" column="0" filename="$USER_HOME$/CLionProjects/ProjectEulerExercises/Exercise003.cpp" />
      <jump line="13" column="26" filename="$USER_HOME$/CLionProjects/ProjectEulerExercises/Exercise003.cpp" />
      <jump line="4" column="19" filename="$USER_HOME$/CLionProjects/ProjectEulerExercises/Exercise003.cpp" />
      <jump line="5" column="19" filename="$USER_HOME$/CLionProjects/ProjectEulerExercises/Exercise003.cpp" />
    </jumps>
    <registers>
      <register name="&quot;" type="4">
        <text>2</text>
      </register>
      <register name="-" type="4">
        <text>2</text>
      </register>
      <register name="/" type="4">
        <text>001</text>
      </register>
      <register name="0" type="4">
        <text>summedEvenFibs</text>
      </register>
      <register name="1" type="2">
        <text encoding="base64">CWZvciAobG9uZyBpezJ9OyBpICogaSA8PSBsaW1pdDspCgl7CgkJaWYgKGxpbWl0ICUgaSA9PSAwKQoJCXsKCQkJbGFyZ2VzdFByaW1lID0gaTsKCQkJbGltaXQgLz0gaTsKCQl9CgkJZWxzZQoJCXsKCQkJKytpOwoJCX0KCX0K</text>
      </register>
      <register name="2" type="2">
        <text encoding="base64">CWZvciAobG9uZyBpezJ9OyBpICogaSA8PSBsaW1pdDspCgl7CgkJaWYgKGxpbWl0ICUgaSA9PSAwKQoJCXsKCQkJbGFyZ2VzdFByaW1lID0gaTsKCQkJbGltaXQgLz0gaTsKCQl9CgkJZWxzZQoJCXsKCQkJKytpOwoJCX0K</text>
      </register>
      <register name="3" type="2">
        <text encoding="base64">CWZvciAobG9uZyBpezJ9OyBpICogaSA8PSBsaW1pdDspCgl7CgkJaWYgKGxpbWl0ICUgaSA9PSAwKQoJCXsKCQkJbGFyZ2VzdFByaW1lID0gaTsKCQkJbGltaXQgLz0gaTsKCQl9CgkJZWxzZQoJCXsK</text>
      </register>
      <register name="4" type="2">
        <text encoding="base64">CWludCBzdW1tZWRGaWJOdW1iZXJze307Cg==</text>
      </register>
      <register name="5" type="2">
        <text encoding="base64">CXN0ZDo6dmVjdG9yPGludD4gZXZlbkZpYk51bXN7fTsK</text>
      </register>
      <register name="6" type="2">
        <text encoding="base64">CWNvbnN0ZXhwciBsb25nIHJvb3RPZkxpbWl0e3N0ZDo6IHN0YXRpY19jYXN0PGxvbmc+c3RkOjpzcXJ0KGxpbWl0KX07Cg==</text>
      </register>
      <register name="7" type="2">
        <text encoding="base64">fQo=</text>
      </register>
      <register name="8" type="2">
        <text encoding="base64">CQl9Cg==</text>
      </register>
      <register name="9" type="2">
        <text encoding="base64">CQkJbGFyZ2VzdFByaW1lID0gaTsK</text>
      </register>
      <register name=":" type="4">
        <text>q</text>
      </register>
    </registers>
    <search>
      <last-search>001</last-search>
      <last-offset />
      <last-pattern>001</last-pattern>
      <last-replace>S</last-replace>
      <last-substitute>001</last-substitute>
      <last-dir>1</last-dir>
      <show-last>false</show-last>
    </search>
    <history>
      <history-search>
        <entry>%s</entry>
        <entry encoding="base64">PDw=</entry>
        <entry>auto</entry>
        <entry>int</entry>
        <entry>001</entry>
      </history-search>
      <history-cmd>
        <entry>wq</entry>
        <entry encoding="base64">JXMvPDwvPj4vZ2M=</entry>
        <entry>%s/001/S/gc</entry>
        <entry>NERDTreeToggle</entry>
        <entry>source ~/.ideavimrc</entry>
        <entry>set num</entry>
        <entry>set relativenumber</entry>
        <entry>set number</entry>
        <entry>s</entry>
        <entry>w</entry>
        <entry>noh</entry>
        <entry>q</entry>
      </history-cmd>
      <history-expr />
      <history-input />
    </history>
    <shortcut-conflicts>
      <shortcut-conflict owner="vim">
        <text>ctrl pressed C</text>
      </shortcut-conflict>
      <shortcut-conflict owner="vim">
        <text>ctrl pressed R</text>
      </shortcut-conflict>
      <shortcut-conflict owner="vim">
        <text>ctrl pressed I</text>
      </shortcut-conflict>
      <shortcut-conflict owner="ide">
        <text>ctrl pressed F</text>
      </shortcut-conflict>
      <shortcut-conflict owner="ide">
        <text>ctrl pressed V</text>
      </shortcut-conflict>
      <shortcut-conflict owner="vim">
        <text>ctrl pressed W</text>
      </shortcut-conflict>
    </shortcut-conflicts>
  </component>
</application>